{
    "$schema": "https://schema.management.azure.com/schemas/2015-01-01/deploymentParameters.json#",
    "contentVersion": "1.0.0.0",
    "parameters": {
        "subscriptionId": {
            "value": "8768b7d5-a35b-422e-b284-91ae60a052e0"
        },
        "name": {
            "value": "TestApp01T"
        },
        "location": {
            "value": "Central US"
        },
        "hostingEnvironment": {
            "value": ""
        },
        "hostingPlanName": {
            "value": "ASP-DotNetCore31-8e43"
        },
        "serverFarmResourceGroup": {
            "value": "DotNetCore31"
        },
        "alwaysOn": {
            "value": false
        },
        "sku": {
            "value": "Free"
        },
        "skuCode": {
            "value": "F1"
        },
        "workerSize": {
            "value": "0"
        },
        "workerSizeId": {
            "value": "0"
        },
        "numberOfWorkers": {
            "value": "1"
        },
        "currentStack": {
            "value": "dotnetcore"
        },
        "phpVersion": {
            "value": "OFF"
        },
        "errorLink": {
            "value": "https://TestApp01T.scm.azurewebsites.net/detectors?type=tools&name=eventviewer"
        }
    }
}